"name","email","tel number","address"
"Nguyen Van A","a.nguyen@gmail.com","012342424","394 Ung V?n Khiêm, Ph??ng 25, Qu?n Bình Th?nh, TP.HCM"
"Nguyen Van B","b.nguyen@gmail.com","012342424","394 Ung V?n Khiêm, Ph??ng 25, Qu?n Bình Th?nh, TP.HCM"
"Nguyen Van C","C.nguyen@gmail.com","012342424","394 Ung V?n Khiêm, Ph??ng 25, Qu?n Bình Th?nh, TP.HCM"
"Nguyen Van D","d.nguyen@gmail.com","012342424","394 Ung V?n Khiêm, Ph??ng 25, Qu?n Bình Th?nh, TP.HCM"
"Nguyen Van E","e.nguyen@gmail.com","012342424","394 Ung V?n Khiêm, Ph??ng 25, Qu?n Bình Th?nh, TP.HCM"
"Nguyen Van F","f.nguyen@gmail.com","012342424","394 Ung V?n Khiêm, Ph??ng 25, Qu?n Bình Th?nh, TP.HCM"
"Duong Tan Thanh","2@gmail.com","1243214","1231241241"
"Nguyen Van A","a.nguyen@gmail.com","012342424","394 Ung V?n Khiêm, Ph??ng 25, Qu?n Bình Th?nh, TP.HCM"
"Nguyen Van B","b.nguyen@gmail.com","012342424","394 Ung V?n Khiêm, Ph??ng 25, Qu?n Bình Th?nh, TP.HCM"
"Nguyen Van C","C.nguyen@gmail.com","012342424","394 Ung V?n Khiêm, Ph??ng 25, Qu?n Bình Th?nh, TP.HCM"
"Nguyen Van D","d.nguyen@gmail.com","012342424","394 Ung V?n Khiêm, Ph??ng 25, Qu?n Bình Th?nh, TP.HCM"
"Nguyen Van E","e.nguyen@gmail.com","012342424","394 Ung V?n Khiêm, Ph??ng 25, Qu?n Bình Th?nh, TP.HCM"
"Nguyen Van F","f.nguyen@gmail.com","012342424","394 Ung V?n Khiêm, Ph??ng 25, Qu?n Bình Th?nh, TP.HCM"
"Nguyen Van F","f.nguyen@gmail.com","012342424","394 Ung V?n Khiêm, Ph??ng 25, Qu?n Bình Th?nh, TP.HCM"
"Nguyen Van F","f.nguyen@gmail.com","012342424","394 Ung V?n Khiêm, Ph??ng 25, Qu?n Bình Th?nh, TP.HCM"
"Nguyen Van F","f.nguyen@gmail.com","012342424","394 Ung V?n Khiêm, Ph??ng 25, Qu?n Bình Th?nh, TP.HCM"
"ï»¿Tran Van A","ta@gmail.com","12345678211","Q1"
"Tran Van B","tb@gmail.com","12345678211","Q2"
"Tran Van C","tc@gmail.com","12345678211","Q3"
"Tran Van D","td@gmail.com","12345678211","Q4"
"Tran Van D","td@gmail.com","12345678211","Q4"
"Tran Van B","tb@gmail.com","12345678211","Q2"
"Tran Van C","tc@gmail.com","12345678211","Q3"
"Tran Van D","td@gmail.com","12345678211","Q4"
"ï»¿Tran Van A","ta@gmail.com","12345678211","Q1"
"Tran Van B","tb@gmail.com","12345678211","Q2"
"Tran Van C","tc@gmail.com","12345678211","Q3"
"Tran Van D","td@gmail.com","12345678211","Q4"
"ï»¿Tran Van A","ta@gmail.com","12345678211","Q1"
"Tran Van B","tb@gmail.com","12345678211","Q2"
"Tran Van C","tc@gmail.com","12345678211","Q3"
"Tran Van D","td@gmail.com","12345678211","Q4"
"Nguyen Van F","f.nguyen@gmail.com","012342424","394 Ung V?n Khiêm, Ph??ng 25, Qu?n Bình Th?nh, TP.HCM"
"Tan Thanh","thanhthanh@gmail.com","Bình th?nh","123123"
"ï»¿Tran Van A","ta@gmail.com","12345678211","Q1"
"Tran Van B","tb@gmail.com","12345678211","Q2"
"Tran Van C","tc@gmail.com","12345678211","Q3"
"Tran Van D","td@gmail.com","12345678211","Q4"
